<?xml version="1.0" encoding="UTF-8"?>
<project-private xmlns="http://www.netbeans.org/ns/project-private/1">
    <editor-bookmarks xmlns="http://www.netbeans.org/ns/editor-bookmarks/2" lastBookmarkId="0"/>
    <open-files xmlns="http://www.netbeans.org/ns/projectui-open-files/2">
        <group>
            <file>file:/C:/Users/Manu/Documents/NetBeansProjects/ProyectoJ/src/civitas/Jugador.java</file>
            <file>file:/C:/Users/Manu/Documents/NetBeansProjects/ProyectoJ/src/civitas/TestP4.java</file>
            <file>file:/C:/Users/Manu/Documents/NetBeansProjects/ProyectoJ/src/GUI/Dado.java</file>
            <file>file:/C:/Users/Manu/Documents/NetBeansProjects/ProyectoJ/src/civitas/TituloPropiedad.java</file>
        </group>
    </open-files>
</project-private>
